BEGIN TRANSACTION;
CREATE TABLE IF NOT EXISTS "Customer" (
	"CustomerID"	INTEGER NOT NULL DEFAULT 00000000 UNIQUE,
	"Name"	TEXT NOT NULL DEFAULT NULL,
	"Address"	TEXT NOT NULL DEFAULT NULL,
	"Phone"	INT NOT NULL DEFAULT '(000)-000-0000',
	"PaymentInfo"	TEXT NOT NULL DEFAULT NULL
);
CREATE TABLE IF NOT EXISTS "Purchase" (
	"PurchaseID"	INTEGER NOT NULL DEFAULT 00000000 UNIQUE,
	"CustomerID"	INTEGER NOT NULL DEFAULT 00000000,
	"ProductID"	INTEGER NOT NULL DEFAULT 00000000,
	"DateTime"	TEXT NOT NULL DEFAULT '00/00/0000',
	"Quantity"	INTEGER NOT NULL DEFAULT 0,
	"Price"	INTEGER NOT NULL DEFAULT 0.00,
	"Tax"	INTEGER NOT NULL DEFAULT 0.00,
	"TotalCost"	INTEGER NOT NULL DEFAULT 0.00
);
CREATE TABLE IF NOT EXISTS "Product" (
	"ProductID"	INT NOT NULL DEFAULT 00000000 UNIQUE,
	"Barcode"	INT NOT NULL DEFAULT 00000000 UNIQUE,
	"Name"	TEXT NOT NULL DEFAULT NULL UNIQUE,
	"Expiration"	TEXT NOT NULL DEFAULT '00/00/0000',
	"Date"	TEXT NOT NULL DEFAULT '00/00/0000',
	"Price"	INT NOT NULL DEFAULT 0.00,
	"TaxRate"	INT NOT NULL DEFAULT 0.00,
	"Quantity"	INT DEFAULT 0,
	"Supplier"	TEXT NOT NULL DEFAULT NULL,
	"ManufacturedDate"	TEXT NOT NULL DEFAULT '00/00/0000'
);
INSERT INTO "Customer" VALUES (1,'Jason','934 South Collage St Auburn,AL,#256','''(334)-664-5154''','4410 5554 9987 5462');
INSERT INTO "Customer" VALUES (2,'Jay','462 East Collage St Auburn,AL,#298','''(334)-572-7583''','4410 5826 5477 8565');
INSERT INTO "Customer" VALUES (3,'Alise','356 North Collage St Auburn,AL,#275','''(334)-146-4586''','4410 5648 7789 4575');
INSERT INTO "Customer" VALUES (4,'Jane','345 West Collage St Auburn,AL,#298','''(334)-758-9584''','4410 5875 6825 7877');
INSERT INTO "Customer" VALUES (5,'Mary','643 South Collage St Auburn,AL,#265','''(334)-352-4358''','4410 7598 4658 4555');
INSERT INTO "Purchase" VALUES (1,1,1,'Tue Oct 15 19:48:49 CDT 2019',2,1,0.1,2.2);
INSERT INTO "Purchase" VALUES (2,8,4,'Tue Oct 15 19:48:49 CDT 2019',4,0.5,0.1,2.2);
INSERT INTO "Purchase" VALUES (3,2,5,'Tue Oct 15 19:48:49 CDT 2019',6,0.5,0.1,3.3);
INSERT INTO "Purchase" VALUES (4,9,3,'Tue Oct 15 19:48:49 CDT 2019',7,2,0.1,15.4);
INSERT INTO "Purchase" VALUES (5,7,5,'Tue Oct 15 19:48:49 CDT 2019',2,0.5,0.1,1.1);
INSERT INTO "Purchase" VALUES (6,4,3,'Tue Oct 15 19:48:49 CDT 2019',1,2,0.1,2.2);
INSERT INTO "Purchase" VALUES (7,2,2,'Tue Oct 15 19:48:49 CDT 2019',3,2,0.1,6.6);
INSERT INTO "Purchase" VALUES (8,5,1,'Tue Oct 15 19:48:49 CDT 2019',7,1,0.1,7.7);
INSERT INTO "Purchase" VALUES (9,6,4,'Tue Oct 15 19:48:49 CDT 2019',4,0.5,0.1,2.2);
INSERT INTO "Purchase" VALUES (10,1,2,'Tue Oct 15 19:48:49 CDT 2019',1,2,0.1,2.2);
INSERT INTO "Product" VALUES (1,1,'Apple','''01/25/2019''','''01/24/2019''',1,0.1,100,'Nash ','''01/23/2019''');
INSERT INTO "Product" VALUES (2,2,'Peach','''01/25/2019''','''01/24/2019''',2,0.1,100,'Nash ','''01/23/2019''');
INSERT INTO "Product" VALUES (3,3,'Orange','''01/25/2019''','''01/24/2019''',2,0.1,100,'Nash ','''01/23/2019''');
INSERT INTO "Product" VALUES (4,4,'Pepper','''01/25/2019''','''01/24/2019''',0.5,0.1,100,'Nash ','''01/23/2019''');
INSERT INTO "Product" VALUES (5,5,'Genger','''01/25/2019''','''01/24/2019''',0.5,0.1,100,'Nash ','''01/23/2019''');
COMMIT;
